Workbook

Sheet Matrix
C1: {=IF(INDEX(Roles!$A:$A, COLUMN(A1)+1)<>"", INDEX(Roles!$A:$A, COLUMN(A1)+1), "")} -> Control Unrestricted Administrator | D1: {=IF(INDEX(Roles!$A:$A, COLUMN(B1)+1)<>"", INDEX(Roles!$A:$A, COLUMN(B1)+1), "")} -> Control Restricted Administrator | E1: {=IF(INDEX(Roles!$A:$A, COLUMN(C1)+1)<>"", INDEX(Roles!$A:$A, COLUMN(C1)+1), "")} -> Control Unrestricted Writer | F1: {=IF(INDEX(Roles!$A:$A, COLUMN(D1)+1)<>"", INDEX(Roles!$A:$A, COLUMN(D1)+1), "")} -> Control Restricted Writer | G1: {=IF(INDEX(Roles!$A:$A, COLUMN(E1)+1)<>"", INDEX(Roles!$A:$A, COLUMN(E1)+1), "")} -> Control Unrestricted Viewer | H1: {=IF(INDEX(Roles!$A:$A, COLUMN(F1)+1)<>"", INDEX(Roles!$A:$A, COLUMN(F1)+1), "")} -> Control Restricted Viewer | I1: {=IF(INDEX(Roles!$A:$A, COLUMN(G1)+1)<>"", INDEX(Roles!$A:$A, COLUMN(G1)+1), "")} -> Control Evidence Uploader | J1: {=IF(INDEX(Roles!$A:$A, COLUMN(H1)+1)<>"", INDEX(Roles!$A:$A, COLUMN(H1)+1), "")} -> Control Tester | ... Z1: {=IF(INDEX(Roles!$A:$A, COLUMN(X1)+1)<>"", INDEX(Roles!$A:$A, COLUMN(X1)+1), "")}
A3: Control Management | B3: Can view and search for controls | C3: Unrestricted | D3: Restricted | E3: Unrestricted | F3: Restricted | G3: Unrestricted | H3: Restricted | I3: Assigned as <> | J3: Assigned as <> | K3: Assigned as <> | L3: Restricted | M3: Assigned as <>
B4: Can create new Control | C4: Unrestricted | D4: Restricted | E4: Unrestricted | F4: Restricted
B5: Can update Control | C5: Unrestricted | D5: Restricted | E5: Unrestricted | F5: Restricted
B6: Can set up Control as Shared Control | C6: Unrestricted | D6: Restricted | E6: Unrestricted | F6: Restricted
B7: Can delete Control | C7: Unrestricted | D7: Restricted | E7: Unrestricted | F7: Restricted
B8: Can Restore Control | C8: Unrestricted | D8: Restricted
B9: Add/edit/delete Documents | C9: Unrestricted | D9: Restricted | E9: Unrestricted | F9: Restricted
B10: Add/edit/delete Hyperlinks | C10: Unrestricted | D10: Restricted | E10: Unrestricted | F10: Restricted
A12: Admin | B12: Can create Control Moi | C12: Unrestricted | D12: Unrestricted | E12: Unrestricted | F12: Unrestricted
B13: Can delete Control Moi | C13: Unrestricted | D13: Unrestricted | E13: Unrestricted | F13: Unrestricted
B14: Full edit rights in Control Mois | C14: Unrestricted | D14: Restricted
B15: Can be assigned as reviewer for Control Mois | C15: Unrestricted | D15: Unrestricted | E15: Unrestricted | F15: Unrestricted
A17: Settings | B17: Maintain standing data | C17: Unrestricted
B18: Configure mail messages | C18: Unrestricted
A20: Exports/Reports | B20: Export controls | C20: Unrestricted
B21: Export Tasks | C21: Unrestricted
B22: Export Test plans | C22: Unrestricted | D22: Restricted

Sheet Roles
A1: Roles | B1: Description
A2: Control Unrestricted Administrator | B2: The Unrestricted Administrator is responsible for setting up and maintaining a complete overview of the Controls module across all organizations. This role grants full visibility and editing rights on all controls, as well as access to all standing data in the module. The user can also be assigned to any role within testing activities.
A3: Control Restricted Administrator | B3: The Restricted Administrator is also able to set up and keep the overview of the controls. However, the Restricted Administrator is limited to controls of his own organization. Also, the Restricted Administrator can be selected in every role in testing within his own organization.
A4: Control Unrestricted Writer | B4: The Unrestricted Writer has full write permissions for the Controls module across all organizations. They can create, edit, and delete controls but have no testing-related permissions.
A5: Control Restricted Writer | B5: The Restricted Writer can create, edit, and delete controls within their own organization. Similar to the Unrestricted Writer, this role does not include any testing rights.
A6: Control Unrestricted Viewer | B6: The Unrestricted Viewer can open and view all controls across all organizations in read-only mode. This role has no editing or testing permissions.
A7: Control Restricted Viewer | B7: The Restricted Viewer can open and view controls only within their own organization in read-only mode. This role has no editing or testing permissions.
A8: Control Evidence Uploader | B8: The Evidence Uploader can be assigned in test plans for both Design & Implementation and Effectiveness testing. This role is responsible for uploading and maintaining supporting evidence used during control testing.
A9: Control Tester | B9: The Tester is responsible for executing both Design & Implementation and Effectiveness testing. This role carries out control tests and documents the test results.
A10: Control Reviewer | B10: The Reviewer evaluates and approves the results of Effectiveness testing. This role is responsible for reviewing the tester’s work and ensuring that control assessments are complete and accurate.
A11: Control Testplan Creator | B11: The Test Plan Creator is responsible for designing and maintaining test plans for both Design & Implementation and Effectiveness testing. This role can also manage the corresponding test catalogues.
A12: Control Executor | B12: The Control Executor is responsible for performing the operational execution of controls as defined in the system. This role records the performance results and can upload relevant evidence demonstrating that the control has been executed according to plan.

Sheet Scopes
A1: Permission Scopes | B1: Description
A2: Unrestricted | B2: Available on all organizations (regardless of user organization)
A3: Restricted | B3: Only within users organization scope (directly assigned organization and all child organizations)
A4: Assigned as <>
